check,file_type,files,values,values_failing,bulk_values,bulk_failing,near_zero_values,near_zero_failing,rtol,atol,max_relative_error_above_atol,max_absolute_error_below_atol,bulk_margin,near_zero_margin,review_flags
designer-fr,lensedCls,4,67980,0,54342,0,13638,0,0.0001,0.1,9.970586769041329e-06,4.000000000010939e-07,10.02949999998997,249999.99999931632,bulk: below 50; near-zero: above 10000
designer-fr,lensedtotCls,4,67980,0,54556,0,13424,0,0.0001,0.1,9.807190632148652e-06,3.999999999976245e-07,10.196600000023764,250000.0000014847,bulk: below 50; near-zero: above 10000
designer-fr,lenspotentialCls,4,111968,0,55786,0,56182,0,0.0001,0.1,9.75352833892316e-06,5.000000000005e-07,10.252699999951046,199999.9999998,bulk: below 50; near-zero: above 10000
designer-fr,matterpower,4,5236,0,3012,0,2224,0,0.0001,1.0,0.0,0.0,,,bulk: no measured spread; near-zero: no measured spread
designer-fr,scalCls,4,83976,0,38132,0,45844,0,0.0001,100.0,9.682791742423835e-06,0.00010000000000331966,10.327600000097453,999999.9999668035,bulk: below 50; near-zero: above 10000
designer-fr,scalarCovCls,4,363896,0,69714,0,294182,0,0.0001,0.1,9.879860891403995e-06,5.000000000005e-07,10.121600000158436,199999.9999998,bulk: below 50; near-zero: above 10000
designer-fr,tensCls,4,69980,0,27280,0,42700,0,0.0001,0.01,0.0,0.0,,,bulk: no measured spread; near-zero: no measured spread
designer-fr,totCls,4,69980,0,55786,0,14194,0,0.0001,0.1,9.75352833892316e-06,5.000000000005e-07,10.252699999951046,199999.9999998,bulk: below 50; near-zero: above 10000
designer-fr,transfer_out,4,13130,0,8130,0,5000,0,0.0001,1000.0,0.0,1.1299999999999028e-07,,8849557522.124655,bulk: no measured spread; near-zero: above 10000
designer-mc5e,lensedCls,8,135960,0,108381,0,27579,0,0.0001,0.1,1.7045067157581647e-05,1.1200000000002874e-06,5.866799999994133,89285.71428569137,bulk: below 50; near-zero: above 10000
designer-mc5e,lensedtotCls,8,135960,0,108448,0,27512,0,0.0001,0.1,1.4528020920364654e-05,1.1100000000003468e-06,6.883249999993117,90090.09009006195,bulk: below 50; near-zero: above 10000
designer-mc5e,lenspotentialCls,8,223936,0,111567,0,112369,0,0.0001,0.1,9.999700008976425e-06,2.1000000000048757e-06,10.000300000023307,47619.04761893706,bulk: below 50; near-zero: above 10000
designer-mc5e,matterpower,8,10490,0,5792,0,4698,0,0.0001,1.0,0.0,0.0,,,bulk: no measured spread; near-zero: no measured spread
designer-mc5e,scalCls,8,167952,0,75929,0,92023,0,0.0001,100.0,9.881032370168809e-06,0.00010000000000331966,10.120400000095495,999999.9999668035,bulk: below 50; near-zero: above 10000
designer-mc5e,scalarCovCls,8,727792,0,139382,0,588410,0,0.0001,0.1,2.7988468750773156e-05,1.6000000000043757e-06,3.572900000012955,62499.99999982908,bulk: below 50; near-zero: above 10000
designer-mc5e,tensCls,8,139960,0,54193,0,85767,0,0.0001,0.01,1.7960253958507425e-06,9.999999999940612e-09,55.678499998398934,1000000.0000059388,near-zero: above 10000
designer-mc5e,totCls,8,139960,0,111567,0,28393,0,0.0001,0.1,9.999700008976425e-06,2.1000000000048757e-06,10.000300000023307,47619.04761893706,bulk: below 50; near-zero: above 10000
designer-mc5e,transfer_out,8,26468,0,15945,0,10523,0,0.0001,1000.0,0.0,1.0000000000287557e-06,,999999999.9712443,bulk: no measured spread; near-zero: above 10000
gr-baseline,lensedCls,1,16995,0,13547,0,3448,0,0.0001,0.1,4.405635689202453e-06,1.0000000000287557e-07,22.6981999998513,999999.9999712444,bulk: below 50; near-zero: above 10000
gr-baseline,lensedtotCls,1,16995,0,13556,0,3439,0,0.0001,0.1,9.840001574377319e-06,1.0000000000287557e-07,10.162600000023685,999999.9999712444,bulk: below 50; near-zero: above 10000
gr-baseline,lenspotentialCls,1,27992,0,13947,0,14045,0,0.0001,0.1,8.354847064393703e-06,1.0000000000287557e-07,11.969100000187357,999999.9999712444,bulk: below 50; near-zero: above 10000
gr-baseline,matterpower,1,1308,0,725,0,583,0,0.0001,1.0,0.0,0.0,,,bulk: no measured spread; near-zero: no measured spread
gr-baseline,scalCls,1,20994,0,9538,0,11456,0,0.0001,100.0,4.909903274901019e-06,0.00010000000000331966,20.367000000018525,999999.9999668035,bulk: below 50; near-zero: above 10000
gr-baseline,scalarCovCls,1,90974,0,17425,0,73549,0,0.0001,0.1,7.448456679824747e-06,1.0000000000287557e-07,13.425599999912047,999999.9999712444,bulk: below 50; near-zero: above 10000
gr-baseline,tensCls,1,17495,0,6832,0,10663,0,0.0001,0.01,0.0,0.0,,,bulk: no measured spread; near-zero: no measured spread
gr-baseline,totCls,1,17495,0,13947,0,3548,0,0.0001,0.1,8.354847064393703e-06,1.0000000000287557e-07,11.969100000187357,999999.9999712444,bulk: below 50; near-zero: above 10000
gr-baseline,transfer_out,1,3276,0,1980,0,1296,0,0.0001,1000.0,0.0,0.0,,,bulk: no measured spread; near-zero: no measured spread
horava,lensedCls,7,118965,0,94819,0,24146,0,0.0001,0.1,1.6619992188620293e-05,1.4000000000003593e-06,6.016849999993982,71428.5714285531,bulk: below 50; near-zero: above 10000
horava,lensedtotCls,7,118965,0,94878,0,24087,0,0.0001,0.1,1.6952169453902814e-05,1.4000000000003593e-06,5.898949999994101,71428.5714285531,bulk: below 50; near-zero: above 10000
horava,lenspotentialCls,7,195944,0,97629,0,98315,0,0.0001,0.1,1.4066774980848088e-05,1.4000000000003593e-06,7.10894999999289,71428.5714285531,bulk: below 50; near-zero: above 10000
horava,matterpower,7,9152,0,5046,0,4106,0,0.0001,1.0,0.0,0.0,,,bulk: no measured spread; near-zero: no measured spread
horava,scalCls,7,146958,0,66699,0,80259,0,0.0001,100.0,9.91591305732166e-06,0.00010000000000331966,10.084799999951848,999999.9999668035,bulk: below 50; near-zero: above 10000
horava,scalarCovCls,7,636818,0,122114,0,514704,0,0.0001,0.1,1.6419552403017917e-05,1.3999999999986246e-06,6.090299999993909,71428.5714286416,bulk: below 50; near-zero: above 10000
horava,tensCls,7,122465,0,47620,0,74845,0,0.0001,0.01,6.485210477580034e-06,9.999999999940612e-09,15.419699999824086,1000000.0000059388,bulk: below 50; near-zero: above 10000
horava,totCls,7,122465,0,97629,0,24836,0,0.0001,0.1,1.4066774980848088e-05,1.4000000000003593e-06,7.10894999999289,71428.5714285531,bulk: below 50; near-zero: above 10000
horava,transfer_out,7,22997,0,13879,0,9118,0,0.0001,1000.0,1.4282429326969082e-06,0.00010000000000331966,70.01610000000001,9999999.999668034,near-zero: above 10000
horndeski-full,lensedCls,4,67980,0,54518,0,13462,0,0.0001,0.1,5.856253100365584e-05,2.9000000000001247e-06,1.7075764705893155,34482.758620688175,bulk: below 50; near-zero: above 10000
horndeski-full,lensedtotCls,4,67980,0,54625,0,13355,0,0.0001,0.1,6.090736750729172e-05,2.9000000000001247e-06,1.6418375000040544,34482.758620688175,bulk: below 50; near-zero: above 10000
horndeski-full,lenspotentialCls,4,111968,1,55773,1,56195,0,0.0001,0.1,0.00013123359580044194,2.9000000000001247e-06,0.762000000000482,34482.758620688175,bulk: below 50; near-zero: above 10000
horndeski-full,matterpower,4,5274,0,2975,0,2299,0,0.0001,1.0,0.0,0.0,,,bulk: no measured spread; near-zero: no measured spread
horndeski-full,scalCls,4,83976,0,37946,0,46030,0,0.0001,100.0,9.805940438764598e-06,0.00010000000000331966,10.197899999951305,999999.9999668035,bulk: below 50; near-zero: above 10000
horndeski-full,scalarCovCls,4,363896,2,69747,2,294149,0,0.0001,0.1,0.00011441865786925762,2.9000000000001247e-06,0.8739833333324594,34482.758620688175,bulk: below 50; near-zero: above 10000
horndeski-full,tensCls,4,69980,0,26890,0,43090,0,0.0001,0.01,1.0548623352212792e-06,9.999999999940612e-09,94.79909999727398,1000000.0000059388,near-zero: above 10000
horndeski-full,totCls,4,69980,1,55773,1,14207,0,0.0001,0.1,0.00013123359580044194,2.9000000000001247e-06,0.762000000000482,34482.758620688175,bulk: below 50; near-zero: above 10000
horndeski-full,transfer_out,4,13195,0,7921,0,5274,0,0.0001,1000.0,2.0170887759717896e-06,1.0000000000287557e-06,49.576400003426805,999999999.9712443,bulk: below 50; near-zero: above 10000
kmouflage-kmimic,lensedCls,6,101970,7804,87313,7804,14657,0,0.0001,0.1,0.006281728002843679,0.0011274000000000006,0.01591918656056597,88.69966294128078,bulk: below 50
kmouflage-kmimic,lensedtotCls,6,101970,7791,87412,7791,14558,0,0.0001,0.1,0.00635368272034242,0.0011274000000000006,0.015738903625110618,88.69966294128078,bulk: below 50
kmouflage-kmimic,lenspotentialCls,6,167952,8830,83693,8830,84259,0,0.0001,0.1,0.008886490946887206,0.0007508999999999988,0.011253035714285894,133.1735251032097,bulk: below 50
kmouflage-kmimic,matterpower,6,7846,135,4543,135,3303,0,0.0001,1.0,0.0009227698160110151,0.00013199999999990997,0.10836938775510002,7575.757575762743,bulk: below 50
kmouflage-kmimic,scalCls,6,125964,2838,60520,2838,65444,0,0.0001,100.0,0.0004427758200959844,0.07739999999999725,0.2258479245283135,1291.9896640827333,bulk: below 50
kmouflage-kmimic,scalarCovCls,6,545844,12486,107559,12486,438285,0,0.0001,0.1,0.008738296227461279,0.0007510000000000017,0.011443878462913224,133.15579227696375,bulk: below 50
kmouflage-kmimic,tensCls,6,104970,0,41218,0,63752,0,0.0001,0.01,0.0,0.0,,,bulk: no measured spread; near-zero: no measured spread
kmouflage-kmimic,totCls,6,104970,8830,83693,8830,21277,0,0.0001,0.1,0.008886490946887206,0.0007508999999999988,0.011253035714285894,133.1735251032097,bulk: below 50
kmouflage-kmimic,transfer_out,6,19266,407,10666,407,8600,0,0.0001,1000.0,0.0005374510734195232,0.19400000000007367,0.18606344827586208,5154.639175255775,bulk: below 50
pure-eft-gamma,lensedCls,21,356895,0,284512,0,72383,0,0.0001,0.1,9.568370793567675e-06,1.0000000000287557e-07,10.451099999931532,999999.9999712444,bulk: below 50; near-zero: above 10000
pure-eft-gamma,lensedtotCls,21,356895,0,284680,0,72215,0,0.0001,0.1,9.840001574377319e-06,2.0000000000575113e-07,10.162600000023685,499999.9999856222,bulk: below 50; near-zero: above 10000
pure-eft-gamma,lenspotentialCls,21,587832,0,292892,0,294940,0,0.0001,0.1,9.822121381822935e-06,1.0000000000287557e-07,10.181099999951387,999999.9999712444,bulk: below 50; near-zero: above 10000
pure-eft-gamma,matterpower,21,27468,0,15148,0,12320,0,0.0001,1.0,0.0,0.0,,,bulk: no measured spread; near-zero: no measured spread
pure-eft-gamma,scalCls,21,440874,0,200777,0,240097,0,0.0001,100.0,9.597757963785498e-06,0.00010000000000331966,10.419099999950252,999999.9999668035,bulk: below 50; near-zero: above 10000
pure-eft-gamma,scalarCovCls,21,1910454,0,366595,0,1543859,0,0.0001,0.1,9.922603691185448e-06,1.0000000000287557e-07,10.078000000023488,999999.9999712444,bulk: below 50; near-zero: above 10000
pure-eft-gamma,tensCls,21,367395,0,143592,0,223803,0,0.0001,0.01,0.0,9.999999999940612e-09,,1000000.0000059388,bulk: no measured spread; near-zero: above 10000
pure-eft-gamma,totCls,21,367395,0,292892,0,74503,0,0.0001,0.1,9.822121381822935e-06,1.0000000000287557e-07,10.181099999951387,999999.9999712444,bulk: below 50; near-zero: above 10000
pure-eft-gamma,transfer_out,21,68796,0,41310,0,27486,0,0.0001,1000.0,0.0,6.974100000000001e-05,,14338767.7263016,bulk: no measured spread; near-zero: above 10000
pure-eft-omega,lensedCls,7,118965,0,94812,0,24153,0,0.0001,0.1,9.146620323769043e-06,2.0000000000054696e-07,10.93300000002548,499999.99999863264,bulk: below 50; near-zero: above 10000
pure-eft-omega,lensedtotCls,7,118965,0,94867,0,24098,0,0.0001,0.1,9.746968692886984e-06,1.9999999999881224e-07,10.259599999841665,500000.0000029694,bulk: below 50; near-zero: above 10000
pure-eft-omega,lenspotentialCls,7,195944,0,97631,0,98313,0,0.0001,0.1,9.803729338650223e-06,1.0000000000287557e-07,10.200199999989799,999999.9999712444,bulk: below 50; near-zero: above 10000
pure-eft-omega,matterpower,7,9156,0,5014,0,4142,0,0.0001,1.0,0.0,0.0,,,bulk: no measured spread; near-zero: no measured spread
pure-eft-omega,scalCls,7,146958,0,66863,0,80095,0,0.0001,100.0,9.88366921340596e-06,0.00010000000000331966,10.117699999951691,999999.9999668035,bulk: below 50; near-zero: above 10000
pure-eft-omega,scalarCovCls,7,636818,0,122172,0,514646,0,0.0001,0.1,9.43556452980383e-06,1.0000000000287557e-07,10.5982000000247,999999.9999712444,bulk: below 50; near-zero: above 10000
pure-eft-omega,tensCls,7,122465,0,47824,0,74641,0,0.0001,0.01,1.4256569784180563e-06,9.999999999940612e-09,70.143099997983,1000000.0000059388,near-zero: above 10000
pure-eft-omega,totCls,7,122465,0,97631,0,24834,0,0.0001,0.1,9.803729338650223e-06,1.0000000000287557e-07,10.200199999989799,999999.9999712444,bulk: below 50; near-zero: above 10000
pure-eft-omega,transfer_out,7,22932,0,13778,0,9154,0,0.0001,1000.0,0.0,9.999999999976694e-05,,10000000.000023305,bulk: no measured spread; near-zero: above 10000
pure-eft-wde,lensedCls,2,33990,0,27096,0,6894,0,0.0001,0.1,9.664823906885892e-06,1.0000000000287557e-07,10.346800000024114,999999.9999712444,bulk: below 50; near-zero: above 10000
pure-eft-wde,lensedtotCls,2,33990,0,27113,0,6877,0,0.0001,0.1,9.840001574377319e-06,1.0000000000287557e-07,10.162600000023685,999999.9999712444,bulk: below 50; near-zero: above 10000
pure-eft-wde,lenspotentialCls,2,55984,0,27894,0,28090,0,0.0001,0.1,9.632704959925779e-06,3.000000000016878e-07,10.38129999995043,333333.33333145804,bulk: below 50; near-zero: above 10000
pure-eft-wde,matterpower,2,2620,0,1449,0,1171,0,0.0001,1.0,0.0,0.0,,,bulk: no measured spread; near-zero: no measured spread
pure-eft-wde,scalCls,2,41988,0,19023,0,22965,0,0.0001,100.0,4.909903274901019e-06,0.00010000000000331966,20.367000000018525,999999.9999668035,bulk: below 50; near-zero: above 10000
pure-eft-wde,scalarCovCls,2,181948,0,34851,0,147097,0,0.0001,0.1,9.901382232936644e-06,3.000000000016878e-07,10.099600000023539,333333.33333145804,bulk: below 50; near-zero: above 10000
pure-eft-wde,tensCls,2,34990,0,13600,0,21390,0,0.0001,0.01,0.0,9.999999999940612e-09,,1000000.0000059388,bulk: no measured spread; near-zero: above 10000
pure-eft-wde,totCls,2,34990,0,27894,0,7096,0,0.0001,0.1,9.632704959925779e-06,3.000000000016878e-07,10.38129999995043,333333.33333145804,bulk: below 50; near-zero: above 10000
pure-eft-wde,transfer_out,2,6591,0,3976,0,2615,0,0.0001,1000.0,0.0,1.0000000000540735e-13,,9999999999459266.0,bulk: no measured spread; near-zero: above 10000
quintessence-galileon,lensedCls,6,101970,0,81294,0,20676,0,0.0001,0.1,9.821446109789537e-06,2.9999999999821836e-07,10.181799999933299,333333.33333531296,bulk: below 50; near-zero: above 10000
quintessence-galileon,lensedtotCls,6,101970,0,81341,0,20629,0,0.0001,0.1,9.375937593737525e-06,2.0000000000054696e-07,10.665600000024858,499999.99999863264,bulk: below 50; near-zero: above 10000
quintessence-galileon,lenspotentialCls,6,167952,0,83631,0,84321,0,0.0001,0.1,9.858141346040478e-06,2.999999999947489e-07,10.143899999989857,333333.3333391679,bulk: below 50; near-zero: above 10000
quintessence-galileon,matterpower,6,7902,0,4340,0,3562,0,0.0001,1.0,0.0,0.0,,,bulk: no measured spread; near-zero: no measured spread
quintessence-galileon,scalCls,6,125964,0,56697,0,69267,0,0.0001,100.0,9.607809227385859e-06,0.00010000000000331966,10.408199999950302,999999.9999668035,bulk: below 50; near-zero: above 10000
quintessence-galileon,scalarCovCls,6,545844,0,104574,0,441270,0,0.0001,0.1,9.772305286826933e-06,2.0000000000228169e-07,10.232999999989767,499999.9999942958,bulk: below 50; near-zero: above 10000
quintessence-galileon,tensCls,6,104970,0,40557,0,64413,0,0.0001,0.01,1.0763185170028548e-06,9.999999999940612e-09,92.90930000764334,1000000.0000059388,near-zero: above 10000
quintessence-galileon,totCls,6,104970,0,83631,0,21339,0,0.0001,0.1,9.858141346040478e-06,2.999999999947489e-07,10.143899999989857,333333.3333391679,bulk: below 50; near-zero: above 10000
quintessence-galileon,transfer_out,6,20059,0,12006,0,8053,0,0.0001,1000.0,0.0,9.999999999940612e-09,,100000000000.59389,bulk: no measured spread; near-zero: above 10000
rph-alpha-basis,lensedCls,7,118965,0,94846,0,24119,0,0.0001,0.1,9.755812025060485e-06,1.0000000000287557e-07,10.250299999951057,999999.9999712444,bulk: below 50; near-zero: above 10000
rph-alpha-basis,lensedtotCls,7,118965,0,94909,0,24056,0,0.0001,0.1,9.946487895171725e-06,1.0000000000287557e-07,10.053799999951995,999999.9999712444,bulk: below 50; near-zero: above 10000
rph-alpha-basis,lenspotentialCls,7,195944,0,97652,0,98292,0,0.0001,0.1,9.990309399858831e-06,9.999999999940612e-08,10.00970000002333,1000000.0000059388,bulk: below 50; near-zero: above 10000
rph-alpha-basis,matterpower,7,9156,0,5066,0,4090,0,0.0001,1.0,0.0,0.0,,,bulk: no measured spread; near-zero: no measured spread
rph-alpha-basis,scalCls,7,146958,0,66795,0,80163,0,0.0001,100.0,9.967009199455442e-06,0.00010000000000331966,10.033100000094674,999999.9999668035,bulk: below 50; near-zero: above 10000
rph-alpha-basis,scalarCovCls,7,636818,0,122084,0,514734,0,0.0001,0.1,9.967009199455442e-06,1.0000000000287557e-07,10.033100000094674,999999.9999712444,bulk: below 50; near-zero: above 10000
rph-alpha-basis,tensCls,7,122465,0,47824,0,74641,0,0.0001,0.01,0.0,0.0,,,bulk: no measured spread; near-zero: no measured spread
rph-alpha-basis,totCls,7,122465,0,97645,0,24820,0,0.0001,0.1,9.990309399858831e-06,9.999999999940612e-08,10.00970000002333,1000000.0000059388,bulk: below 50; near-zero: above 10000
rph-alpha-basis,transfer_out,7,22932,0,13875,0,9057,0,0.0001,1000.0,0.0,0.0020000000000095497,,499999.99999761255,bulk: no measured spread; near-zero: above 10000
